ALCOHOLIC BEV,81,0.07,1.94,0.0
ALMOND BUTTER,633,15.08,21.22,5.602
ALMONDS,581,21.94,19.94,3.89
ANIMAL FAT,896,0.0,0.0,39.004
APPLE JUC,46,0.1,11.3,0.022
APPLES,52,0.26,13.81,0.028
APPLESAUCE,42,0.17,11.27,0.008
APRICOT NECTAR,56,0.37,14.39,0.006
APRICOTS,48,1.4,11.12,0.027
ARROWROOT,65,4.24,13.39,0.039
ARUGULA,25,2.58,3.65,0.086
ASPARAGUS,20,2.2,3.88,0.04
BABYFOOD,66,0.37,16.16,0.04
BACON,310,10.68,6.32,4.622
BALSAM-PEAR (BITTER GOURD),34,5.3,6.68,0.032
BAMBOO SHOOTS,27,2.6,5.2,0.092
BANANAS,346,3.89,88.28,0.698
BARBECUE LOAF,173,15.84,6.4,3.17
BASIL,23,3.15,2.65,0.041
BASS,146,24.18,0.0,1.001
BEANS,347,25.33,64.19,2.352
BEECHNUTS,576,6.2,33.5,5.719
BEEF,854,36.12,5.71,52.3
BEEF BROTH&TOMATO JUC,37,0.6,8.5,0.032
BEEF SAUSAGE,405,18.21,0.35,15.098
BEER,29,0.24,1.64,0.0
BEERWURST,277,14.24,3.76,8.438
BEET GREENS,22,2.2,4.33,0.02
BEET GRNS,27,2.57,5.46,0.031
BEETS,73,1.68,18.18,0.028
BF,265,26.75,0.0,6.506
BLACKBERRIES,92,1.39,23.1,0.015
BLACKBERRY JUC,38,0.3,7.8,0.018
BLUEBERRIES,107,1.04,28.32,0.053
BLUEFISH,159,25.69,0.0,1.172
BOLOGNA,336,15.3,5.65,11.134
BORAGE,25,2.09,3.55,0.197
BOYSENBERRIES,88,1.1,22.31,0.009
BRATWURST,333,19.44,2.85,9.998
BRAUNSCHWEIGER (A LIVER SAUSAGE),327,14.5,3.1,9.307
BRAZILNUTS,656,14.32,12.27,15.137
BREADFRUIT,103,1.07,27.12,0.048
BREADFRUIT SEEDS,207,7.4,40.1,1.509
BREADNUTTREE SEEDS,367,8.62,79.39,0.454
BREAKFAST TYPE DRK,4,0.04,0.9,0.0
BROADBEANS,72,5.6,11.7,0.142
BROADBEANS (FAVA BEANS),341,26.12,58.29,0.254
BROADBEANS (FAVA BNS),110,7.6,19.65,0.066
BROCCOLI,35,3.1,7.18,0.11
BROCCOLI RAAB,33,3.83,3.12,0.057
BROTWURST,323,14.3,2.93,9.93
BRUSSELS SPROUTS,43,3.78,8.95,0.102
BURBOT,115,24.76,0.0,0.209
BURDOCK ROOT,88,2.09,21.15,0.025
BUTCHER BOY MEATS,239,13.45,4.66,5.86
BUTTER,717,3.3,0.06,51.368
BUTTER OIL,876,0.28,0.0,61.924
BUTTERBUR,14,0.39,3.61,0.0
BUTTERFISH,187,22.15,0.0,3.38
BUTTERNUTS,612,24.9,12.05,1.306
CABBAGE,31,2.0,7.37,0.043
CAMPBEL COMPANY,85,1.54,13.85,0.769
CAMPBELL,97,3.97,13.08,2.016
CAMPBELL COMPANY,89,3.17,11.9,1.613
CAMPBELL SOUP,133,6.25,19.53,1.613
CAMPBELL SOUP CO,188,0.0,56.29,0.0
CAMPBELL SOUP CO.,123,3.85,23.08,0.385
CAMPBELL SOUP COMP,62,2.86,10.0,0.769
CAMPBELL SOUP COMPANY,119,4.62,19.23,2.542
CAMPBELL'S CHNKY SOUPS,78,6.12,11.02,0.408
CAMPBELL'S CHUNKY MICROWAVABLE BWLS,78,3.27,7.35,0.816
CAMPBELL'S CHUNKY SOUPS,95,6.53,12.24,1.633
CAMPBELL'S RED & WHITE,141,7.81,21.88,2.419
CAMPBELL'S RED & WHITE - MCRWVEABLE BOWLS,64,1.63,10.2,0.408
CAMPBELL'S RED & WHITE - MICROWAVEABLE BOWLS,44,2.04,9.8,0.204
CAMPBELL'S RED&WHITE,56,1.61,8.06,0.403
CAMPBELL'S SEL GOLD LABEL SOUPS,49,1.22,9.39,1.224
CAMPBELL'S SEL MCRWVABLE BOWLS,52,3.27,7.35,0.408
CAMPBELL'S SEL MCRWVABLE BWLS,53,2.86,6.12,1.02
CAMPBELL'S SEL MICROWAVEABLE BOWLS,39,1.63,7.76,0.0
CAMPBELL'S SEL SOUP,71,4.08,12.24,1.02
CAMPBELL'S SOUP AT HAND,62,1.31,11.15,0.656
CAPERS,23,2.36,4.89,0.233
CARAMBOLA,31,1.04,6.73,0.019
CARB BEV,2,0.11,0.29,0.0
CARBONATED BEV,51,0.12,13.3,0.07
CARDOON,22,0.76,5.33,0.012
CARISSA,62,0.5,13.63,0.0
CARL BUDDIG,165,19.3,1.8,3.1
CARL BUDDIG. CKD SMOKED BF PASTRAMI,141,19.6,1.0,3.0
CAROB-FLAVOR BEV MIX,372,3.16,93.3,1.779
CARP,162,22.86,0.0,1.388
CARROT,341,8.1,79.57,0.256
CARROT JUICE,40,0.95,9.28,0.027
CARROTS,41,0.93,9.58,0.132
CASHEW BUTTER,587,17.56,27.57,9.763
CASHEW NUTS,581,16.84,32.69,9.157
CASSAVA,160,1.36,38.06,0.074
CATFISH,229,18.72,8.04,3.288
CATSUP,97,1.74,25.15,0.043
CAULIFLOWER,32,3.04,6.28,0.07
CAVIAR,252,24.6,4.0,4.06
CELERIAC,42,1.5,9.2,0.079
CELERY,18,0.83,4.0,0.042
CELERY FLAKES,319,11.3,63.7,0.555
CELTUCE,18,0.85,3.65,0.0
CEREAL WAFER STRAWS,439,5.9,78.4,6.3
CEREALS,404,22.0,82.4,2.44
CEREALS READY TO EAT,389,6.13,90.0,0.525
CEREALS RTE,489,33.7,93.7,7.94
CERLS,389,10.29,76.62,3.501
CHARD,20,1.88,4.13,0.03
CHAYOTE,24,0.82,5.09,0.086
CHEESE,280,27.5,4.09,14.946
CHEESE FOOD,137,22.4,8.8,0.81
CHEESEFURTER,328,14.1,1.51,10.47
CHERIMOYA,74,1.65,17.7,0.0
CHERRIES,114,1.15,29.23,0.1
CHESTNUTS,374,6.82,81.43,0.837
CHIA SEEDS,490,15.62,43.85,3.176
CHICK,215,19.4,0.2,3.92
CHICKEN,629,33.44,23.15,20.25
CHICKEN BREAST TENDERS,293,16.35,17.56,3.786
CHICKEN NUGGETS,296,15.27,14.38,3.992
CHICKEN PATTY,292,14.85,13.61,4.013
CHICKPEAS ,164,8.86,27.42,0.269
CHICKPEAS (GARBANZO BNS,364,19.3,60.65,0.626
CHICORY,17,0.9,4.0,0.024
CHICORY GREENS,23,1.7,4.7,0.073
CHICORY ROOTS,73,1.4,17.51,0.048
CHILD FORMULA,483,16.5,54.8,19.186
CHILI WITH BEANS,112,5.71,11.91,2.352
CHIVES,311,21.2,64.29,0.591
CHOC-FLV BEV MIX FOR MILK,88,3.33,11.61,1.897
CHOCOLATE SYRUP,90,3.07,12.78,1.681
CHOCOLATE-FLAVOR BEV MIX,85,3.23,11.91,1.86
CHOCOLATE-FLAVOR BEV MIX FOR MILK,405,4.55,90.9,2.273
CHORIZO,455,24.1,1.86,14.38
CHRYSANTHEMUM,24,3.36,4.31,0.022
CHRYSANTHEMUM LEAVES,24,3.36,3.01,0.0
CINNAMON,247,3.99,80.59,0.345
CISCO,177,18.99,0.0,1.741
CITRUS FRUIT JUC DRK,162,1.2,40.2,0.007
CLAM,202,25.55,10.33,2.683
CLAM&TOMATO JUC,48,0.6,10.95,0.0
CLEMENTINES,47,0.85,12.02,0.0
CLOVES,323,5.98,61.21,5.438
CLS,119,2.28,22.51,1.039
COCKTAIL MIX,287,0.08,71.6,0.003
COCOA MIX,400,25.1,83.73,15.0
COCONUT CRM,330,3.63,6.65,30.753
COCONUT MEAT,684,6.88,51.85,61.257
COCONUT MILK,230,2.29,5.58,21.14
COD,290,62.82,0.0,0.462
COFFEE,484,14.42,85.94,4.997
COFFEE SUB,360,6.01,84.3,2.061
COFFEE&COCOA (MOCHA) PDR,257,9.0,71.4,11.376
COLESLAW,78,1.29,12.41,0.385
COLLARDS,36,2.97,7.1,0.06
COMPANY,63,3.17,8.73,2.778
CONCH,130,26.3,1.7,0.37
CORIANDER (CILANTRO) LEAVES,23,2.13,3.67,0.014
CORIANDER LEAF,279,21.93,52.1,0.115
CORN,131,3.62,25.87,0.197
CORN PUDD,131,4.35,17.0,2.455
CORN W/RED&GRN PEPPERS,75,2.33,18.17,0.085
CORNED BEEF LOAF,153,22.9,0.0,2.6
CORNSALAD,21,2.0,3.6,0.0
COTTONSEED FLR,359,49.83,40.54,1.588
COTTONSEED KRNLS,506,32.59,21.9,9.699
COTTONSEED MEAL,367,49.1,38.43,1.207
COWPEAS,343,23.85,60.03,0.605
COWPEAS (BLACKEYES),139,8.98,25.13,0.185
CRAB,155,23.72,15.0,1.483
CRABAPPLES,76,0.4,19.95,0.048
CRANBERRIES,308,0.39,82.36,0.103
CRANBERRY JUC COCKTAIL,201,0.05,51.45,0.009
CRANBERRY SAU,151,0.2,38.9,0.013
CRANBERRY-APPLE JUC DRK,63,0.0,15.85,0.013
CRANBERRY-APRICOT JUC DRK,64,0.2,16.2,0.0
CRANBERRY-GRAPE JUC DRK,56,0.2,14.0,0.033
CRANBERRY-ORANGE RELISH,178,0.3,46.2,0.012
CRAYFISH,87,17.52,0.0,0.216
CREAM,345,2.05,2.79,23.032
CRESS,32,2.6,5.5,0.023
CRLS,104,3.22,19.82,0.22
CROAKER,221,18.2,7.54,3.476
CUCUMBER,15,0.65,3.63,0.037
CURRANTS,283,4.08,74.08,0.034
CUSK,112,24.35,0.0,0.13
CUSTARD-APPLE,101,1.7,25.2,0.231
CUTTLEFISH,158,32.48,1.64,0.236
DAIRY DRK MIX,329,25.0,51.4,1.871
DANDELION GREENS,45,2.7,9.2,0.17
DANDELION GRNS,33,2.0,6.4,0.146
DATES,282,2.45,75.03,0.032
DESSERT TOPPING,318,1.25,23.05,21.783
DILL WEED,253,19.96,55.82,0.234
DOCK,22,2.0,3.2,0.0
DOLPHINFISH,109,23.72,0.0,0.241
DRINK MIX,388,0.0,95.3,0.0
DRUM,153,22.49,0.0,1.434
DUCK,404,29.1,3.53,13.22
DURIAN,147,1.47,27.09,0.0
DUTCH BRAND LOAF,273,12.0,3.93,9.043
EDAMAME,122,10.88,9.94,0.62
EEL,236,23.65,0.0,3.023
EGG,155,12.58,1.12,3.267
EGGNOG-FLAVOR MIX,95,2.93,14.2,1.701
EGGPLANT,35,1.01,8.73,0.044
ELDERBERRIES,73,0.66,18.4,0.023
EMU,168,33.67,0.0,1.242
ENDIVE,17,1.25,3.35,0.048
ENG DRK,5,0.25,0.7,0.0
ENGY DRK,45,0.25,10.94,0.0
ENSURE FIBER W/ FOS,97,3.43,16.36,0.201
EPAZOTE,32,0.33,7.44,0.0
EPPAW,150,4.6,31.68,0.0
FALAFEL,333,13.31,31.84,2.383
FAT,902,0.0,0.0,49.8
FEIJOA,49,1.24,10.63,0.0
FENNEL,31,1.24,7.29,0.0
FIDDLEHEAD FERNS,34,4.55,5.74,0.0
FIGS,249,3.3,63.87,0.144
FIREWEED,103,4.71,19.22,0.0
FISH,128,26.15,0.0,0.94
FISH OIL,902,0.0,0.0,95.6
FISH PORTIONS&STKS,249,11.04,21.18,2.758
FLATFISH (FLOUNDER&SOLE SP),117,24.16,0.0,0.363
FORMULATED,647,13.82,27.91,9.37
FRANKFURTER,269,15.51,11.21,8.719
FRIJOLES ROJOS VOLTEADOS (REFRIED BNS,144,5.0,15.47,0.926
FROG LEGS,73,16.4,0.0,0.076
FRUIT,243,2.46,64.06,0.04
FRUIT COCKTAIL,88,0.47,22.89,0.014
FRUIT PUNCH DRK,162,0.2,41.4,0.003
FRUIT PUNCH JUC DRK,175,0.3,43.1,0.087
FRUIT PUNCH-FLAVOR DRK,382,0.0,97.7,0.057
FRUIT SALAD,88,0.51,22.77,0.019
FRUIT YOGURT,105,4.86,18.6,0.909
FRUIT-FLAVORED DRK MIX,226,0.0,91.3,0.0
FUNGI,284,9.25,73.01,0.0
GARLIC,149,6.36,33.06,0.089
GEFILTEFISH,84,9.07,7.41,0.412
GIN,263,0.0,0.0,0.0
GINGER,347,9.12,70.79,1.94
GINGER ROOT,80,1.82,17.77,0.203
GINKGO NUTS,348,10.35,72.45,0.381
GOOSE,371,28.97,6.32,9.78
GOOSEBERRIES,73,0.88,18.75,0.038
GOURD,56,1.2,14.34,0.027
GRAPE DRINK,61,0.0,15.75,0.0
GRAPE JUC,60,0.37,14.77,0.025
GRAPE JUC COCKTAIL,179,0.65,44.37,0.103
GRAPE JUICE DRINK,57,0.0,14.55,0.0
GRAPE LEAVES,93,5.6,17.31,0.336
GRAPEFRUIT,60,0.88,15.44,0.021
GRAPEFRUIT JUC,146,1.97,34.56,0.064
GRAPEFRUIT JUICE,39,0.5,9.2,0.014
GRAPES,76,0.72,19.65,0.114
GRAVY,409,13.0,67.64,5.866
GROUNDCHERRIES,53,1.9,11.2,0.0
GROUPER,118,24.84,0.0,0.299
GRY,39,1.09,6.24,0.4
GUANABANA NECTAR,59,0.11,14.93,0.029
GUAVA NECTAR,57,0.09,14.87,0.0
GUAVA SAUCE,36,0.32,9.48,0.04
GUAVAS,69,2.55,17.36,0.272
GUINEA HEN,158,23.4,0.0,1.77
HADDOCK,116,25.23,0.0,0.173
HALIBUT,239,26.69,0.0,3.102
HAM,263,18.85,4.2,7.18
HAZELNUTS OR FILBERTS,646,15.03,17.6,4.669
HEADCHEESE,157,13.83,0.0,3.402
HEARTS OF PALM,28,2.52,4.62,0.13
HERRING,262,24.58,9.64,4.174
HICKORYNUTS,657,12.72,18.25,7.038
HONEY ROLL SAUSAGE,182,18.58,2.18,4.08
HORMEL,106,18.43,0.21,1.17
HORMEL ALWAYS TENDER,167,19.02,4.63,3.6
HORMEL SPAM,191,15.23,1.35,4.49
HORSERADISH,48,1.18,11.29,0.09
HORSERADISH-TREE,60,5.27,11.15,0.152
HORSERADISH-TREE LEAFY TIPS,64,9.4,8.28,0.0
HUMMUS,177,7.9,20.12,1.437
HYACINTH BNS,344,23.9,60.76,0.288
HYACINTH-BEANS,50,2.95,9.2,0.119
INF FO,510,12.5,53.0,11.37
INF FOR,521,13.9,57.0,11.9
INF FOR NUTR,129,2.73,13.78,4.522
INF FORM,524,14.42,56.2,18.305
INF FORMMEAD JOHN,65,1.38,7.18,1.453
INF FORMU,480,15.6,57.1,8.905
INF FORMULA,524,15.6,62.23,12.761
Infa for,67,1.8,6.77,1.838
INFANT FORMULA,519,14.0,56.2,16.8
JACKFRUIT,94,1.47,24.01,0.063
JAVA-PLUM,60,0.72,15.56,0.0
JELLIES,179,0.3,46.1,0.009
JERUSALEM-ARTICHOKES,73,2.0,17.44,0.0
JEW'S EAR,25,0.48,6.75,0.0
JUICE,52,0.17,12.96,0.0
JUJUBE,287,3.7,73.6,0.0
JUTE,37,4.65,7.29,0.038
KALE,50,3.3,10.01,0.091
KANPYO,258,8.58,65.04,0.045
KIELBASA,309,13.1,3.9,9.233
KIWI FRUIT,61,1.14,14.66,0.029
KIWIFRUIT,61,0.99,14.88,0.0
KOHLRABI,29,1.8,6.69,0.014
KUMQUATS,71,1.88,15.9,0.103
LAMB,665,35.54,0.0,32.24
LAMBS QUARTERS,32,3.2,5.0,0.052
LAMBSQUARTERS,43,4.2,7.3,0.059
LEEKS,321,15.2,74.65,0.279
LEMON GRASS (CITRONELLA),99,1.82,25.31,0.119
LEMON JUC,22,0.46,6.5,0.043
LEMON JUICE,25,0.38,8.63,0.0
LEMON PEEL,47,1.5,16.0,0.039
LEMONADE,389,3.6,94.44,0.039
LEMONADE-FLAVOR DRK,389,0.1,94.44,0.003
LEMONS,29,1.2,10.7,0.039
LENTILS,353,25.8,60.08,0.379
LETTUCE,17,1.36,3.29,0.039
LIMA BNS,338,21.46,63.38,0.219
LIME JUC,21,0.25,6.69,0.026
LIME JUICE,25,0.42,8.42,0.008
LIMEADE,247,0.0,62.32,0.0
LIMES,30,0.7,10.54,0.022
LING,111,24.35,0.0,0.12
LINGCOD,109,22.64,0.0,0.255
LITCHIS,277,3.8,70.7,0.27
LIVER CHEESE,304,15.2,2.1,8.96
LIVER SAUSAGE,326,14.1,2.2,10.6
LOBSTER,98,20.5,1.28,0.18
LOGANBERRIES,55,1.52,13.02,0.011
LOMA LINDA DINNER CUTS,104,19.46,4.15,0.2
LOMA LINDA FRIED CHIK'N W/ GRAVY,181,13.15,5.2,1.84
LOMA LINDA LINKETTS,208,21.29,4.35,1.57
LOMA LINDA LITTLE LINKS,221,19.38,5.53,2.0
LOMA LINDA LOFAT BIG FRANKS,154,23.1,4.9,0.5
LOMA LINDA REDI-BURGER,149,21.89,8.15,0.44
LOMA LINDA SWISS STAKE W/ GRAVY,141,10.17,10.37,0.83
LOMA LINDA TENDER BITS,135,15.12,8.29,0.7
LOMA LINDA TENDER ROUNDS W/ GRAVY,145,16.26,7.4,0.7
LOMA LINDA VEGE-BURGER,115,22.22,3.72,0.23
LONGANS,286,4.9,74.0,0.0
LOQUATS,47,0.43,12.14,0.04
LOTUS ROOT,74,2.6,17.23,0.03
LOTUS SEEDS,332,15.41,64.47,0.33
LOUIS RICH,276,19.7,15.4,5.19
LUNCHEON MEAT,353,17.94,4.6,11.59
LUNCHEON SAUSAGE,260,15.38,1.58,7.62
LUPINS,371,36.17,40.38,1.156
LUXURY LOAF,141,18.4,4.9,1.58
MACADAMIA NUTS,718,7.91,13.82,12.061
MACE,475,6.71,50.5,9.51
MACKEREL,305,26.0,0.0,7.148
MALABAR SPINACH,23,2.98,2.71,0.0
MALTED DRK MIX,428,14.29,86.94,4.762
MAMMY-APPLE,51,0.5,12.5,0.136
MANGO NECTAR,51,0.11,13.12,0.014
MANGOS,65,0.51,17.0,0.066
MANGOSTEEN,73,0.41,17.91,0.0
MARASCHINO CHERRIES,165,0.22,41.97,0.039
MARGARINE,730,1.9,1.53,20.442
MARGARINE SPRD,424,0.2,4.34,8.792
MARGARINE-BUTTER BLEND,714,0.31,0.77,14.198
MARGARINE-LIKE SHORTENING,628,0.0,0.0,22.869
MARGARINE-LIKE SPRD,630,2.0,7.1,19.51
MARJORAM,271,12.66,60.56,0.529
MAYONNAISE DRSNG,688,0.0,0.3,10.784
MEAT DRIPPINGS (LARD,889,0.0,0.0,44.79
MELON BALLS,33,0.84,7.94,0.064
MELONS,36,1.11,9.09,0.051
MILK,56,3.95,5.49,1.232
MILK SHAKES,112,3.86,17.75,1.886
MILKFISH,190,26.32,0.0,1.66
MIXED NUTS,617,17.3,25.35,9.087
MIXED VEG & FRUIT JUC DRK,29,0.04,7.47,0.0
MONKFISH,97,18.56,0.0,0.34
MOR-NU,37,6.3,1.1,0.133
MORI-NU,62,7.4,2.9,0.406
MORNINGSTAR FARMS ASIAN VEGGIE PATTIES,155,10.9,14.9,0.8
MORNINGSTAR FARMS BRKFST PATTIE MADE W/ ORG SOY,205,22.1,10.6,1.1
MORNINGSTAR FARMS CHEDDAR BURGER,222,19.7,16.1,2.8
MORNINGSTAR FARMS CHIK PATTIES ORIGINAL,197,11.8,22.9,0.8
MORNINGSTAR FARMS CHIK'N NUGGETS,218,14.19,20.79,1.19
MORNINGSTAR FARMS GRILLERS ORIGINAL,213,23.9,8.5,1.7
MORNINGSTAR FARMS GRILLERS PRIME,238,24.0,5.9,1.6
MORNINGSTAR FARMS ITALIAN HERB CHIK PATTIES,236,13.6,31.1,0.8
MORNINGSTAR FARMS MEAL STARTERS CHIK'N STRIPS,164,26.8,6.7,0.6
MORNINGSTAR FARMS MEAL STARTERS STEAK STRIPS,173,26.1,9.0,0.6
MORNINGSTAR FARMS MEATFREE BUFFALO WINGS,230,14.5,23.3,1.2
MORNINGSTAR FARMS MEATLESS CORN DOGS,228,11.38,31.67,1.05
MORNINGSTAR FARMS MEATLESS MINI CORN DOGS,229,13.44,29.29,0.71
MORNINGSTAR FARMS MUSHROOM LOVER'S BURGER,169,11.6,11.8,1.3
MORNINGSTAR FARMS OKARA PATTIES MADE W/ ORG SOY,178,18.6,9.6,0.8
MORNINGSTAR FARMS ORIGINAL CHIK'N TENDERS,233,14.7,25.2,1.1
MORNINGSTAR FARMS PHILLY CHEESESTEAK BURGER,186,14.6,10.52,2.3
MORNINGSTAR FARMS RSTD HERB CHIK'N W/ ORG SOY,167,18.9,13.6,0.5
MORNINGSTAR FARMS SAUSAGE STYLE RECIPE CRUMBLES,164,17.8,13.7,0.6
MORNINGSTAR FARMS TOMATO & BASIL PIZZA BURGER,181,15.5,11.1,2.2
MORNINGSTAR FARMS VEGGIE BACON STRIPS,346,12.4,14.3,4.2
MORNINGSTAR FARMS VEGGIE BITES BROCCOLI CHEDDAR,209,9.9,17.4,2.8
MORNINGSTAR FARMS VEGGIE BITES COUNTRY SCRAMBLE,216,13.0,19.8,2.2
MORNINGSTAR FARMS VEGGIE BITES EGGS FLORENTINE,206,11.7,20.1,2.0
MORNINGSTAR FARMS VEGGIE BITES SPINACH ARTICHOKE,221,11.0,18.8,3.0
MORNINGSTAR FARMS VEGGIE CAKES GINGER TERIYAKI,163,8.2,27.9,0.4
MORNINGSTAR FARMS VEGGIE CAKES SOUTHWESTERN STYLE,197,9.5,30.8,1.7
MORNINGSTAR FARMS VEGGIE CORN DOGS W/ NAT INGR,231,11.6,30.9,1.1
MORNINGSTAR FARMS VEGGIE SAUSAGE LINKS,159,19.2,6.8,0.7
MORTADELLA,311,16.37,3.05,9.51
MOTHBEANS,343,22.94,61.52,0.364
MOTHER'S LOAF,282,12.07,7.53,7.95
MOUNTAIN YAM,82,1.73,20.0,0.022
MULBERRIES,43,1.44,9.8,0.027
MULLET,150,24.81,0.0,1.431
MUNG BNS,347,23.86,62.62,0.348
MUNGO BNS,341,25.21,58.99,0.114
MUSHROOM,43,3.31,6.47,0.02
MUSHROOMS,296,9.58,75.37,0.225
MUSSEL,172,23.8,7.39,0.85
MUSTARD,67,4.37,5.33,0.248
MUSTARD GREENS,26,2.7,4.9,0.01
MUSTARD GRNS,20,2.49,3.41,0.014
MUSTARD SEED,469,24.94,34.94,1.46
MUSTARD SPINACH,22,2.2,3.9,0.015
NECTARINES,44,1.06,10.55,0.025
NEW ENGLAND BRAND SAUSAGE,161,17.27,4.83,2.56
NEW ZEALAND SPINACH,14,1.5,2.5,0.032
NOODLES,351,0.16,86.09,0.017
NOPALES,16,1.35,3.33,0.016
NUTMEG,525,5.84,49.29,25.94
NUTS,673,18.22,53.21,15.472
OCEAN PERCH,121,23.88,0.0,0.313
OCTOPUS,164,29.82,4.4,0.453
OHELOBERRIES,28,0.38,6.84,0.0
OIL,884,0.26,20.69,93.701
OKRA,31,2.08,7.03,0.079
OLIVE LOAF,235,11.8,9.2,5.85
OLIVES,145,1.03,6.26,2.029
ONION RINGS,407,5.34,38.16,8.585
ONIONS,349,8.95,83.28,0.078
ORANGE BRKFST DRK,53,0.0,13.2,0.0
ORANGE DRK,153,0.4,39.0,0.002
ORANGE JUC,159,2.39,38.17,0.029
ORANGE JUICE,45,0.7,10.4,0.024
ORANGE PEEL,97,1.5,25.0,0.024
ORANGE&APRICOT JUC DRK,51,0.3,12.7,0.01
ORANGE-FLAVOR DRK,386,3.6,98.94,0.078
ORANGE-GRAPEFRUIT JUC,43,0.6,10.28,0.011
ORANGES,63,1.3,15.5,0.035
OSCAR MAYER,388,25.9,15.4,12.85
OSTRICH,175,29.37,0.0,2.177
OYSTER,197,18.9,11.62,3.197
PAPAYA NECTAR,57,0.17,14.51,0.047
PAPAYAS,39,0.61,9.81,0.043
PARMESAN CHS TOPPING,370,40.0,40.0,3.11
PARSLEY,276,31.3,51.66,0.132
PARSNIPS,75,1.32,17.99,0.05
PASSION-FRUIT,97,2.2,23.38,0.059
PASSION-FRUIT JUC,60,0.67,14.45,0.015
PASTRAMI,133,16.3,1.79,1.699
PATE,462,14.2,6.55,14.45
PATE DE FOIE GRAS,462,11.4,4.67,14.45
PEACH NECTAR,54,0.27,13.92,0.002
PEACHES,325,4.89,83.18,0.111
PEANUT BUTTER,593,26.06,35.65,10.51
PEANUT BUTTER W/ OMEGA-3,608,24.47,17.0,9.691
PEANUT FLOUR,428,52.2,34.7,3.04
PEANUT SPRD,650,24.8,14.23,10.22
PEANUTS,599,28.03,21.51,8.686
PEAR NECTAR,60,0.11,15.76,0.001
PEARS,262,1.87,69.7,0.035
PEAS,341,24.55,60.37,0.161
PEAS&CARROTS,53,3.4,11.15,0.084
PEAS&ONIONS,70,3.98,13.51,0.068
PECANS,715,9.5,13.55,7.238
PEPEAO,298,4.82,81.03,0.0
PEPPER,318,12.01,68.61,3.26
PEPPERMINT,70,3.75,14.89,0.246
PEPPERONI,494,22.68,0.0,14.86
PEPPERS,345,17.9,69.86,1.59
PERCH,117,24.86,0.0,0.237
PERSIMMONS,274,1.38,73.43,0.02
PHEASANT,181,24.37,0.0,2.7
PICKLE RELISH,130,1.5,35.06,0.054
PICKLE&PIMIENTO LOAF,225,11.23,8.46,5.287
PICKLES,122,1.5,33.73,0.149
PICNIC LOAF,232,14.92,4.76,6.07
PIE FILLINGS,181,0.41,44.38,0.0
PIGEON PEAS (RED GM),343,21.7,62.78,0.33
PIGEONPEAS,136,7.2,23.88,0.354
PIKE,119,24.69,0.0,0.319
PILINUTS-CANARYTREE,719,10.8,3.98,31.184
PIMENTO,23,1.1,5.1,0.045
PINA COLADA,237,0.6,27.6,6.571
PINE NUTS,629,11.57,19.3,9.377
PINEAPPLE,86,0.55,22.2,0.009
PINEAPPLE JUC,179,1.3,44.3,0.008
PINEAPPLE&GRAPEFRUIT JUC DRK,47,0.2,11.6,0.006
PINEAPPLE&ORANGE JUC DRK,50,1.3,11.8,0.0
PISTACHIO NUTS,571,21.35,27.97,5.555
PITANGA,33,0.8,7.49,0.0
PLANTAINS,122,1.3,31.89,0.143
PLUMS,240,2.18,63.88,0.088
POKEBERRY SHOOTS,23,2.6,3.7,0.092
POLISH SAUSAGE,326,14.1,1.63,10.33
POLLOCK,118,24.92,0.0,0.231
POMEGRANATE JUC,54,0.15,13.13,0.077
POMEGRANATES,83,1.67,18.7,0.12
POMPANO,211,23.69,0.0,4.499
PORK,898,38.62,4.49,45.23
PORK & TURKEY SAUSAGE,342,12.05,3.63,9.881
PORK SAUSAGE,378,19.43,0.0,11.662
PORK&BF SAUSAGE,396,13.8,2.7,12.96
POTATO,93,2.5,21.15,0.035
POTATO PUFFS,190,2.05,27.75,1.823
POTATO SALAD,143,2.68,11.17,1.429
POTATO SOUP,343,9.2,76.14,0.613
POTATOES,372,10.9,85.51,5.96
POULTRY,272,14.72,0.0,7.45
POULTRY FD PRODUCTS,235,27.36,0.0,3.39
POUT,102,21.33,0.0,0.41
PRICKLY PEARS,41,0.73,9.57,0.067
PRK,190,28.35,0.41,2.725
PRUNE JUICE,71,0.61,17.45,0.003
PRUNES,339,3.7,89.07,0.059
PUDDINGS,365,10.08,86.04,1.578
PUMMELO,38,0.76,9.62,0.0
PUMPKIN,34,1.1,8.09,0.146
PUMPKIN FLOWERS,15,1.09,3.3,0.041
PUMPKIN LEAVES,21,3.15,3.39,0.207
PUMPKIN PIE MIX,104,1.09,26.39,0.065
PUMPKIN&SQUASH SD KRNLS,541,32.97,17.81,8.674
PUMPKIN&SQUASH SEEDS,446,18.55,53.75,3.67
PURSLANE,18,1.49,3.55,0.0
QUAIL,192,22.59,0.0,3.38
QUAKER OATS,5,0.0,1.22,0.0
QUINCES,57,0.4,15.3,0.01
RADICCHIO,23,1.43,4.48,0.06
RADISH SEEDS,43,3.81,3.6,0.767
RADISHES,271,7.9,63.37,0.218
RAISINS,302,3.39,79.52,0.178
RAMBUTAN,82,0.65,20.87,0.0
RASPBERRIES,103,1.2,26.16,0.019
REFRIED BNS,91,5.41,15.26,0.391
RHUBARB,116,0.9,31.2,0.053
ROCKFISH,121,24.04,0.0,0.474
ROE,204,28.62,1.92,1.866
ROSE-APPLES,25,0.6,5.7,0.0
ROSELLE,49,0.96,11.31,0.0
ROSEMARY,331,4.88,64.06,7.371
ROUGHY,105,22.64,0.0,0.034
ROWAL,111,2.3,23.9,0.245
RUTABAGAS,39,1.29,8.74,0.029
SABLEFISH,257,17.65,0.0,4.213
SAFFLOWER SD KRNLS,517,16.18,34.29,3.682
SAFFLOWER SD MEAL,342,35.62,48.73,0.207
SAGE,315,10.63,60.73,7.03
SALAD DRSNG,718,4.2,32.14,18.2
SALAMI,407,23.2,3.8,11.89
SALMON,231,27.36,0.0,3.214
SALSIFY,82,3.3,18.6,0.041
SALT,0,0.0,0.0,0.0
SANDWICH SPRD,389,0.9,22.4,5.1
SANDWICH SPREAD,235,7.66,11.94,5.977
SAPODILLA,83,0.44,19.96,0.194
SAPOTES,134,2.12,33.76,0.0
SARDINE,208,24.62,0.74,2.686
SAUCE,571,22.69,60.52,13.18
SAUERKRAUT,19,0.91,4.28,0.034
SAUSAGE,346,19.12,9.84,11.27
SAVORY,272,6.73,68.73,3.26
SCALLOP,215,23.2,10.62,2.669
SCRAPPLE,213,8.06,14.06,4.732
SCUP,135,24.21,0.0,0.64
SEA BASS,124,23.63,0.0,0.655
SEATROUT,133,21.46,0.0,1.293
SEAWEED,306,57.47,80.88,2.65
SEEDS,534,18.29,28.88,3.663
SESAME BUTTER,607,18.08,26.19,7.904
SESAME FLOUR,526,50.14,35.51,5.196
SESAME FLR,382,40.32,35.14,1.634
SESAME MEAL,567,16.96,26.04,6.722
SESAME SD KRNLS,631,20.45,26.04,9.055
SESAME SEEDS,573,17.73,25.74,6.957
SESBANIA FLOWER,27,1.28,6.73,0.0
SHAD,252,21.71,0.0,3.126
SHAKE,148,3.4,20.5,3.962
SHALLOTS,348,12.3,80.7,0.084
SHARK,228,20.98,6.39,3.205
SHEEPSHEAD,126,26.02,0.0,0.609
SHORTENING,900,0.0,0.0,65.5
SHORTENING BREAD,884,0.0,0.0,22.0
SHORTENING CAKE MIX,884,0.0,0.0,27.2
SHORTENING CONFECTIONERY,884,0.0,0.0,91.3
SHORTENING FRYING (HVY DUTY),900,0.0,0.0,47.5
SHORTENING FRYING (REG),884,0.0,0.0,15.4
SHORTENING FRYING HVY DUTY,884,0.0,0.0,21.1
SHORTENING INDUSTRIAL,900,0.0,0.0,35.7
SHRIMP,242,21.39,11.47,2.087
SILK CHAI,53,2.47,7.82,0.206
SILK CHOC,58,2.06,9.47,0.206
SILK COFFEE,62,2.06,10.29,0.206
SILK LT CHOC,49,2.06,9.05,0.0
SILK LT PLN,29,2.47,3.29,0.0
SILK LT VANILLA,33,2.47,4.12,0.0
SILK MOCHA,58,2.06,9.05,0.206
SILK NOG,74,2.46,12.3,0.0
SILK PLN,41,2.88,3.29,0.206
SILK PLUS FIBER,41,2.47,5.76,0.206
SILK PLUS FOR BONE HEALTH,41,2.47,4.53,0.206
SILK PLUS OMEGA-3 DHA,45,2.88,3.29,0.206
SILK UNSWTND,33,2.88,1.65,0.206
SILK VANILLA,41,2.47,4.12,0.206
SILK VERY VANILLA,53,2.47,7.82,0.206
SISYMBRIUM SP. SEEDS,318,12.14,58.26,0.902
SMELT,124,22.6,0.0,0.579
SMOKED LINK SAUSAGE,313,13.97,3.97,9.72
SNAIL,90,16.1,2.0,0.361
SNAPPER,128,26.3,0.0,0.365
SOUP,453,17.93,65.5,7.965
SOUP COMPANY,71,3.97,7.14,1.19
SOUR CREAM,136,3.5,7.1,6.6
SOURSOP,66,1.0,16.84,0.051
SOY FLOUR,436,47.01,38.37,2.987
SOY FLR,441,50.93,33.67,3.162
SOY MEAL,339,49.2,40.14,0.268
SOY PROT CONC,331,63.63,30.91,0.052
SOY PROT ISOLATE,388,88.32,10.22,0.871
SOY SAU MADE FROM SOY&WHEAT (SHOYU),53,5.17,8.51,0.01
SOYBEANS,471,39.58,33.55,3.674
SOYMILK,63,3.27,9.95,0.24
SOYMILK (ALL FLAVORS),45,2.94,7.2,0.206
SPEARMINT,285,19.93,52.04,1.577
SPICES,306,22.77,64.43,2.73
SPINACH,34,4.01,4.8,0.157
SPINY LOBSTER,143,26.41,3.12,0.303
SPLIT PEA SOUP,71,3.85,11.83,0.3
SPLIT PEA W/ HAM SOUP,68,4.0,11.4,0.294
SPORTS DRK,32,0.0,7.84,0.008
SPOT,158,23.73,0.0,1.859
SQUAB,294,21.76,0.0,8.43
SQUASH,57,2.71,14.58,0.13
SQUID,175,17.94,7.79,1.878
STRAWBERRIES,96,0.67,25.92,0.015
STRAWBERRY-FLAVOR BEV MIX,389,3.0,99.1,1.91
STURGEON,173,31.2,0.0,1.173
SUCCOTASH,115,5.07,24.38,0.19
SUCKER,119,21.49,0.0,0.579
SUGAR-APPLES,94,2.06,23.64,0.048
SUNFISH,114,24.87,0.0,0.178
SUNFLOWER SD BUTTER,579,19.66,27.42,5.002
SUNFLOWER SD FLR,326,48.06,35.83,0.138
SUNFLOWER SD KRNLS,619,20.78,24.07,7.068
SWAMP CABBAGE,20,2.6,3.71,0.039
SWEET POTATO,144,2.01,27.86,1.35
SWEET POTATO LEAVES,35,4.0,7.32,0.065
SWEETENERS,279,0.0,76.1,0.0
SWEETPOTATO,91,1.65,21.12,0.041
SWORDFISH,155,25.39,0.0,1.406
TAMARIND NECTAR,57,0.09,14.73,0.0
TAMARINDS,239,2.8,62.5,0.272
TANGERINE JUC,161,1.5,38.85,0.026
TANGERINE JUICE,43,0.5,10.1,0.024
TANGERINES,61,0.81,16.19,0.039
TARO,142,4.16,34.6,0.197
TARO LEAVES,42,4.98,6.7,0.151
TARO SHOOTS,14,0.92,3.2,0.018
TEA,401,20.21,98.55,0.097
TEMPEH,196,18.19,9.35,3.4
TEQUILA,110,0.3,11.3,0.013
THURINGER,362,17.45,3.33,11.51
THYME,101,5.56,24.45,0.467
TILEFISH,147,24.49,0.0,0.868
TOFU,480,47.94,14.56,4.388
TOMATILLOS,32,0.96,5.84,0.139
TOMATO JUC,17,0.76,4.24,0.008
TOMATO PRODUCTS,82,4.32,18.91,0.627
TOMATOES,258,14.11,55.76,1.893
TREE FERN,40,0.29,10.98,0.009
TROUT,190,26.63,0.0,2.105
TUNA,198,29.97,0.0,1.65
TURBOT,122,20.58,0.0,0.75
TURKEY,482,30.85,11.5,11.59
TURKEY AND GRAVY,67,5.88,4.61,0.85
TURKEY BREAST,126,22.16,0.0,0.98
TURKEY HAM,126,17.5,2.04,1.526
TURKEY PATTIES,283,14.0,15.7,4.69
TURKEY ROLL,149,18.14,5.03,2.04
TURKEY RST,155,21.32,6.4,1.9
TURKEY SAUSAGE,200,23.89,10.77,2.871
TURKEY STKS,279,14.2,17.0,4.38
TURKEY THIGH,157,18.8,0.0,2.65
TURMERIC,354,7.83,64.93,3.12
TURNIP GREENS,32,1.5,7.13,0.07
TURNIP GRNS,29,3.35,4.98,0.099
TURNIP GRNS&TURNIPS,35,2.99,4.85,0.085
TURNIPS,28,1.53,6.43,0.025
TURTLE,89,19.8,0.0,0.127
USDA CMDTY,588,22.41,23.98,9.519
USDA CMDTY CHICK,162,27.52,0.0,1.572
USDA CMDTY FD,884,0.0,0.0,23.243
USDA CMDTY PEACHES,61,0.56,15.65,0.0
USDA CMDTY PEARS,62,0.34,16.21,0.0
USDA COMMODITY,267,23.55,25.5,6.379
VANILLA EXTRACT,237,0.05,14.4,0.0
VEGETABLE JUC COCKTAIL,19,0.63,4.55,0.013
VEGETABLE OIL,884,0.0,0.0,86.5
VEGETABLE OIL-BUTTER SPRD,362,1.0,1.0,7.238
VEGETABLES,65,3.33,13.46,0.098
VINEGAR,88,0.49,17.03,0.0
VINESPINACH,19,1.8,3.4,0.0
VITASOY USA,122,12.4,4.5,1.3
VODKA,231,0.0,0.0,0.0
WALNUTS,654,24.06,13.71,6.126
WASABI,109,4.8,23.54,0.0
WATER,1,0.0,0.15,0.0
WATER W/ ADDED VITAMINS & MINERALS,22,0.0,5.49,0.0
WATERCHESTNUTS,97,1.4,23.94,0.026
WATERCRESS,11,2.3,1.29,0.027
WATERMELON,30,0.61,7.55,0.016
WATERMELON SD KRNLS,557,28.33,15.31,9.779
WAXGOURD,14,0.4,3.04,0.016
WHELK,275,47.68,15.52,0.062
WHEY,353,12.93,74.46,0.684
WHISKEY,153,0.06,12.82,0.005
WHISKEY SOUR MIX,383,0.6,97.3,0.019
WHITEFISH,172,24.47,0.0,1.162
WHITING,116,23.48,0.0,0.4
WINE,85,0.5,2.61,0.0
WINGED BEAN,37,5.31,3.21,0.101
WINGED BEAN LEAVES,74,5.85,14.1,0.272
WINGED BEAN TUBER,148,11.6,28.1,0.222
WINGED BNS,409,29.65,41.71,2.303
WOLFFISH,123,22.44,0.0,0.468
WORTHINGTON CHIC-KETTS,204,25.91,4.6,1.4
WORTHINGTON CHILI,123,10.39,10.87,0.7
WORTHINGTON CHOPLETS,103,19.39,4.06,0.16
WORTHINGTON DICED CHIK,80,14.71,3.74,0.0
WORTHINGTON DINNER RST,213,16.04,6.87,2.4
WORTHINGTON FRICHIK,160,13.43,3.36,1.41
WORTHINGTON FRIPATS,209,23.73,7.95,1.4
WORTHINGTON LOFAT FRI CHIK,102,14.31,4.9,0.4
WORTHINGTON LOFAT VEJA-LINKS,123,15.79,4.28,0.73
WORTHINGTON MEATLESS CHICK,153,16.08,4.28,1.22
WORTHINGTON MEATLESS CORNED BF,244,18.62,9.87,2.27
WORTHINGTON MULTIGRAIN CUTLETS,108,18.1,6.0,0.5
WORTHINGTON PRIME STAKES,135,10.16,7.52,0.95
WORTHINGTON PROSAGE LINKS,143,20.17,5.03,0.9
WORTHINGTON PROSAGE ROLL,261,19.61,5.95,3.4
WORTHINGTON SAUCETTES,219,14.99,5.59,0.0
WORTHINGTON SMOKED TURKEY,251,18.54,7.93,2.34
WORTHINGTON STAKELETS,211,19.7,9.56,1.8
WORTHINGTON STRIPPLES,346,12.4,14.3,4.2
WORTHINGTON SUPER LINKS,219,14.46,5.5,2.08
WORTHINGTON TURKEE SLICES,202,14.5,5.63,2.07
WORTHINGTON VEG SKALLOPS,109,19.89,4.56,0.16
WORTHINGTON VEG STEAKS,113,20.68,5.05,0.0
WORTHINGTON VEGETARIAN BURGER,126,18.64,6.21,0.46
WORTHINGTON VEJA-LINKS,155,14.59,4.13,1.3
WORTHINGTON WHAM,196,17.83,5.71,1.62
YACHTWURST,268,14.8,1.4,7.9
YAM,118,1.53,27.88,0.037
YAMBEAN (JICAMA),38,0.72,8.82,0.021
YARDLONG BEAN,47,2.8,9.18,0.105
YARDLONG BNS,347,24.33,61.91,0.339
YAUTIA (TANNIER),98,1.46,23.63,0.082
YELLOWTAIL,187,29.67,0.0,1.28
YOGURT,61,3.47,4.66,2.096
